{"train/loss": 0.3708, "train/grad_norm": 14.815324783325195, "train/learning_rate": 6.268221574344024e-06, "train/epoch": 4.37, "train/global_step": 1500, "_timestamp": 1713340999.511706, "_runtime": 751.5094530582428, "_step": 5, "eval/loss": 1.0050207376480103, "eval/accuracy": 0.760655737704918, "eval/runtime": 5.6564, "eval/samples_per_second": 53.921, "eval/steps_per_second": 6.895}